"First name",last_name,Spouse,broker_id,address,city,state,country,zip_code,phone,email,product_type,create_date
"Winkles Garcia",,,69,"332 bone avenue",orlando,fl,usa,32478,3423332244,mannyinc@me.com,commercial,"2013-03-26 07:53:18"
"john ",veloquio,Maria,77,"real address",orlando,fl,usa,34765,4325543344,mary@manny.com,"Bermuda Dunes","2013-03-29 20:29:35"
test1,test1,test1,85,fhdfx,test1,wn,ind,700131,9999999999,admin@admin.in,test1,"2013-04-03 03:43:51"
test1,test1,test1,85,dfbnc,test1,wn,ind,700131,9999999999,admin@admin.in,test1,"2013-04-03 03:44:14"
dsfgsdfv,vxcvxcv,xcvxcvxc,85,vcxcvxc,vxcvxc,xcvxcv,vcxvcx,0,0,xvcxvcx,xvxcvcxv,"2013-04-03 03:46:51"
dsfgsdfv,test1,test1,93,sadcas,test1,test1,test1,700131,9999999999,admin@admin.in,xvxcvcxv,"2013-04-03 05:26:30"
name,last_name,Spouse,0,address,city,state,country,0,0,email,product_type,"0000-00-00 00:00:00"
"Winkles Garcia",,,69,"332 bone avenue",orlando,fl,usa,32478,3423332244,mannyinc@me.com,commercial,"0000-00-00 00:00:00"
"john ",veloquio,Maria,77,"real address",orlando,fl,usa,34765,4325543344,mary@manny.com,"Bermuda Dunes","0000-00-00 00:00:00"
test1,test1,test1,85,fhdfx,test1,wn,ind,700131,9999999999,admin@admin.in,test1,"0000-00-00 00:00:00"
test1,test1,test1,85,dfbnc,test1,wn,ind,700131,9999999999,admin@admin.in,test1,"0000-00-00 00:00:00"
dsfgsdfv,vxcvxcv,xcvxcvxc,85,vcxcvxc,vxcvxc,xcvxcv,vcxvcx,0,0,xvcxvcx,xvxcvcxv,"0000-00-00 00:00:00"
dsfgsdfv,test1,test1,93,sadcas,test1,test1,test1,700131,9999999999,admin@admin.in,xvxcvcxv,"0000-00-00 00:00:00"
name,last_name,Spouse,0,address,city,state,country,0,0,email,product_type,"0000-00-00 00:00:00"
"Winkles Garcia",,,69,"332 bone avenue",orlando,fl,usa,32478,3423332244,mannyinc@me.com,commercial,"0000-00-00 00:00:00"
"john ",veloquio,Maria,77,"real address",orlando,fl,usa,34765,4325543344,mary@manny.com,"Bermuda Dunes","0000-00-00 00:00:00"
test1,test1,test1,85,fhdfx,test1,wn,ind,700131,9999999999,admin@admin.in,test1,"0000-00-00 00:00:00"
test1,test1,test1,85,dfbnc,test1,wn,ind,700131,9999999999,admin@admin.in,test1,"0000-00-00 00:00:00"
dsfgsdfv,vxcvxcv,xcvxcvxc,85,vcxcvxc,vxcvxc,xcvxcv,vcxvcx,0,0,xvcxvcx,xvxcvcxv,"0000-00-00 00:00:00"
dsfgsdfv,test1,test1,93,sadcas,test1,test1,test1,700131,9999999999,admin@admin.in,xvxcvcxv,"0000-00-00 00:00:00"
,,,0,,,,,0,0,,,"0000-00-00 00:00:00"
name,last_name,Spouse,0,address,city,state,country,0,0,email,product_type,"0000-00-00 00:00:00"
,,,69,"332 bone avenue",orlando,fl,usa,32478,3423332244,mannyinc@me.com,commercial,"2013-03-26 07:53:18"
"john ",veloquio,Maria,77,"real address",orlando,fl,usa,34765,4325543344,mary@manny.com,"Bermuda Dunes","2013-03-29 20:29:00"
test1,test1,test1,85,fhdfx,test1,wn,ind,700131,9999999999,admin@admin.in,test1,"2013-04-03 03:43:00"
test1,test1,test1,85,dfbnc,test1,wn,ind,700131,9999999999,admin@admin.in,test1,"2013-04-03 03:44:00"
dsfgsdfv,vxcvxcv,xcvxcvxc,85,vcxcvxc,vxcvxc,xcvxcv,vcxvcx,0,0,xvcxvcx,xvxcvcxv,"2013-04-03 03:46:00"
dsfgsdfv,test1,test1,93,sadcas,test1,test1,test1,700131,9999999999,admin@admin.in,xvxcvcxv,"2013-04-03 05:26:00"
"john ",veloquio,Maria,77,"real address",orlando,fl,usa,34765,4325543344,mary@manny.com,"Bermuda Dunes","2013-03-29 20:29:00"
test1,test1,test1,85,fhdfx,test1,wn,ind,700131,9999999999,admin@admin.in,test1,"2013-04-03 03:43:00"
test1,test1,test1,85,dfbnc,test1,wn,ind,700131,9999999999,admin@admin.in,test1,"2013-04-03 03:44:00"
dsfgsdfv,vxcvxcv,xcvxcvxc,85,vcxcvxc,vxcvxc,xcvxcv,vcxvcx,0,0,xvcxvcx,xvxcvcxv,"2013-04-03 03:46:00"
dsfgsdfv,test1,test1,93,sadcas,test1,test1,test1,700131,9999999999,admin@admin.in,xvxcvcxv,"2013-04-03 05:26:00"
Sourav,Das,Maria,77,"real address",orlando,fl,usa,34765,4325543344,mary@manny.com,"Bermuda Dunes","2013-03-29 20:29:00"
Shankhajit,Dey,test1,85,fhdfx,test1,wn,ind,700131,9999999999,admin@admin.in,test1,"2013-04-03 03:43:00"
Bubu,"Bame aram",test1,85,dfbnc,test1,wn,ind,700131,9999999999,admin@admin.in,test1,"2013-04-03 03:44:00"
Subhankar,Mondal,xcvxcvxc,85,vcxcvxc,vxcvxc,xcvxcv,vcxvcx,0,0,xvcxvcx,xvxcvcxv,"2013-04-03 03:46:00"
Bittu,Paul,test1,93,sadcas,test1,test1,test1,700131,9999999999,admin@admin.in,xvxcvcxv,"2013-04-03 05:26:00"
